{
  "project_info": {
    "project_number": "175245396854",
    "project_id": "kisan-sahayata",
    "storage_bucket": "kisan-sahayata.appspot.com"
  },
  "client": [
    {
      "client_info": {
        "mobilesdk_app_id": "1:175245396854:android:c1e5bb8e058a6102e40857",
        "android_client_info": {
          "package_name": "com.example.kisansahayata"
        }
      },
      "oauth_client": [
        {
          "client_id": "175245396854-ienopp7o7u9ik0a444qv1n5tv69oi5p6.apps.googleusercontent.com",
          "client_type": 3
        }
      ],
      "api_key": [
        {
          "current_key": "AIzaSyBFh85VeSXTy4iF1FFjSoS3MFWC6Z08ZfU"
        }
      ],
      "services": {
        "appinvite_service": {
          "other_platform_oauth_client": [
            {
              "client_id": "175245396854-ienopp7o7u9ik0a444qv1n5tv69oi5p6.apps.googleusercontent.com",
              "client_type": 3
            }
          ]
        }
      }
    }
  ],
  "configuration_version": "1"
}