Commodity,Seasonality Type
Akole:bajri,Additive
Akole:paddy-unhusked,Additive
Akole:wheat(husked),Additive
Akole:gram,Multiplicative
Akole:soybean,Multiplicative
Akole:onion,Multiplicative
Jamkhed:bajri,Additive
Jamkhed:wheat(husked),Multiplicative
Jamkhed:sorgum(jawar),Multiplicative
Jamkhed:onion,Additive
Kopargaon:bajri,Additive
Kopargaon:wheat(husked),Additive
Kopargaon:sorgum(jawar),Additive
Kopargaon:maize,Additive
Kopargaon:gram,Additive
Kopargaon:soybean,Multiplicative
Kopargaon:onion,Additive
Newasa:wheat(husked),Multiplicative
Newasa-Ghodegaon:onion,Additive
Parner:onion,Multiplicative
Pathardi:bajri,Multiplicative
Pathardi:wheat(husked),Multiplicative
Pathardi:sorgum(jawar),Multiplicative
Pathardi:onion,Additive
Rahata:bajri,Additive
Rahata:wheat(husked),Additive
Rahata:sorgum(jawar),Additive
Rahata:maize,Multiplicative
Rahata:gram,Multiplicative
Rahata:pomegranate,Additive
Rahata:lemon,Additive
Rahata:ginger (fresh),Additive
Rahata:potato,Multiplicative
Rahata:ladies finger,Additive
Rahata:bottle gourd,Multiplicative
Rahata:carrot,Multiplicative
Rahata:ghevda,Additive
Rahata:cucumber,Multiplicative
Rahata:onion,Additive
Rahata:bitter gourd,Additive
Rahata:garlic,Additive
Rahata:capsicum,Additive
Rahata:shevga,Multiplicative
Rahata:tomato,Multiplicative
Rahata:small gourd,Additive
Rahata:brinjal,Additive
